{"corners": [[773.0, 102.89999999999998], [1557.0, 112.89999999999998], [1557.0, 893.1], [778.0, 893.1]], "avatar_offset_x": -625, "avatar_offset_y": 245, "avatar_scale": 1.9000000000000008}